,TrainRMSE,TestRMSE,Step1,Step2,Step3
Exp1,0.24937,0.9083,0.35105,0.52062,0.65629
Exp2,0.23456,0.91355,0.35461,0.52062,0.66164
Exp3,0.25316,0.90875,0.34417,0.51932,0.66157
Exp4,0.24452,0.90181,0.34328,0.51674,0.65452
Exp5,0.24885,0.92749,0.35495,0.53511,0.66925
