,Mean,Standard Deviation,CI_LB,CI_UB,Min,Max
TrainMSE,1.26326,0.01962,1.2511,1.27542,1.23597,1.29732
TestMSE,77.88293,1.28072,77.08914,78.67673,76.11263,79.61999
Step1,77.88293,1.28072,77.08914,78.67673,76.11263,79.61999
Step2,90.51648,1.13673,89.81192,91.22104,89.17419,92.24182
Step3,122.27569,1.47399,121.3621,123.18928,119.64781,124.7453
