,TrainMSE,TestMSE,Step1,Step2,Step3
Exp1,1.12505,1.34529,0.13464,2.85164,1.0496
Exp2,1.59259,1.85308,1.59266,1.93232,2.03427
Exp3,0.17535,0.26607,0.23199,0.06568,0.50054
Exp4,0.12513,0.17052,0.14818,0.10423,0.25915
Exp5,0.75015,0.97309,0.52765,2.19095,0.20067
Exp6,0.90929,0.96517,0.31021,0.25872,2.32657
Exp7,0.38169,0.45623,0.23085,0.83754,0.3003
Exp8,0.79092,0.95099,0.30058,1.01852,1.53388
Exp9,0.26,0.29292,0.14671,0.25208,0.47996
Exp10,1.59309,1.80962,2.03819,0.6442,2.74645
