,Mean,Standard Deviation,CI_LB,CI_UB,Min,Max
TrainMSE,0.77033,0.51776,0.44942,1.09124,0.12513,1.59309
TestMSE,0.9083,0.58695,0.54451,1.27209,0.17052,1.85308
Step1,0.56617,0.6418,0.16837,0.96396,0.13464,2.03819
Step2,1.01559,0.93012,0.43909,1.59208,0.06568,2.85164
Step3,1.14314,0.9033,0.58327,1.70301,0.20067,2.74645
