,TrainMSE,TestMSE,Step1,Step2,Step3
Exp1,0.01494,0.14164,0.14164,0.27987,0.41336
Exp2,0.01471,0.13803,0.13803,0.27533,0.41054
Exp3,0.0149,0.1396,0.1396,0.27675,0.41106
Exp4,0.01485,0.14288,0.14288,0.28333,0.41827
Exp5,0.01471,0.14379,0.14379,0.28132,0.41567
Exp6,0.01519,0.14131,0.14131,0.28028,0.41425
Exp7,0.01567,0.14288,0.14288,0.27754,0.40794
Exp8,0.01587,0.13816,0.13816,0.27615,0.41183
Exp9,0.01578,0.14164,0.14164,0.28165,0.41637
Exp10,0.01587,0.14334,0.14334,0.28286,0.41691
