,Mean,Standard Deviation,CI_LB,CI_UB,Min,Max
TrainMSE,-0.00568,0.00217,-0.00703,-0.00433,-0.00921,-0.0019
TestMSE,-0.11848,0.00478,-0.12145,-0.11552,-0.12562,-0.11204
Step1,-0.0527,0.00144,-0.0536,-0.05181,-0.05531,-0.05021
Step2,-0.04383,0.00165,-0.04485,-0.04281,-0.04624,-0.04122
Step3,-0.02195,0.00231,-0.02338,-0.02052,-0.02605,-0.01887
