,TrainRMSE,TestRMSE,Step1,Step2,Step3
Exp1,0.9628,1.10566,0.61598,0.59471,0.69954
Exp2,0.93539,1.07773,0.54036,0.60662,0.70818
Exp3,1.04801,1.23257,0.62631,0.74788,0.75342
Exp4,1.01502,1.20206,0.56562,0.66126,0.82931
Exp5,1.08091,1.2304,0.59256,0.73153,0.79223
