,TrainMSE,TestMSE,Step1,Step2,Step3
Exp1,2.27093,1.83143,1.23495,1.0344,3.22493
Exp2,2.35223,1.83273,0.73492,2.84421,1.91905
Exp3,1.26999,1.00688,1.95823,0.50722,0.55519
Exp4,2.37113,1.46461,1.16736,0.83413,2.39233
Exp5,3.67953,2.72774,1.23966,1.93054,5.01301
Exp6,1.89083,1.57769,3.53808,0.66389,0.53108
Exp7,2.18165,1.70877,2.32093,2.0908,0.71458
Exp8,2.18911,1.33705,2.24838,0.79721,0.96555
Exp9,1.47488,1.17951,0.7648,0.93715,1.83659
Exp10,2.2136,1.03646,1.19103,0.7482,1.17015
