,Mean,Standard Deviation,CI_LB,CI_UB,Min,Max
TrainMSE,-2.2264,1.18925,-2.96351,-1.4893,-3.62613,0.73129
TestMSE,-2.763,1.29466,-3.56543,-1.96056,-4.23893,0.40525
Step1,-0.82228,0.70217,-1.25749,-0.38707,-1.9154,0.2919
Step2,-1.05858,1.09006,-1.73421,-0.38295,-3.68626,0.44582
Step3,-0.88214,1.14038,-1.58895,-0.17532,-2.33753,1.1839
