,TrainRMSE,TestRMSE,Step1,Step2,Step3
Exp1,1.05391,1.22938,0.56897,0.6732,0.857
Exp2,1.01422,1.15464,0.60544,0.70215,0.6882
Exp3,0.99193,1.23044,0.64756,0.76587,0.71281
Exp4,0.96,1.12717,0.52399,0.67543,0.73467
Exp5,1.13372,1.23043,0.58937,0.74094,0.78588
