,Mean,Standard Deviation,CI_LB,CI_UB,Min,Max
TrainRMSE,1.03076,0.05987,0.97828,1.08324,0.96,1.13372
TestRMSE,1.19441,0.04455,1.15536,1.23346,1.12717,1.23044
Step1,0.58707,0.04076,0.55133,0.6228,0.52399,0.64756
Step2,0.71152,0.03655,0.67948,0.74355,0.6732,0.76587
Step3,0.75571,0.06002,0.70311,0.80832,0.6882,0.857
