,TrainMSE,TestMSE,Step1,Step2,Step3
Exp1,0.02482,0.13465,0.13465,0.30002,0.48675
Exp2,0.02511,0.13384,0.13384,0.30226,0.48804
Exp3,0.02501,0.13413,0.13413,0.30177,0.48666
Exp4,0.02486,0.13053,0.13053,0.29017,0.47035
Exp5,0.02543,0.12456,0.12456,0.28316,0.46784
Exp6,0.02537,0.12494,0.12494,0.29038,0.47938
Exp7,0.02515,0.13413,0.13413,0.29103,0.47282
Exp8,0.02381,0.12897,0.12897,0.29821,0.48903
Exp9,0.02602,0.12907,0.12907,0.29113,0.4815
Exp10,0.02467,0.13556,0.13556,0.30119,0.48413
