,Mean,Standard Deviation,CI_LB,CI_UB,Min,Max
TrainMSE,0.00792,0.00358,0.0057,0.01014,-0.00101,0.01234
TestMSE,-0.03196,0.00703,-0.03632,-0.0276,-0.0438,-0.0217
Step1,-0.02985,0.00234,-0.0313,-0.0284,-0.03317,-0.02587
Step2,-0.01499,0.00238,-0.01646,-0.01351,-0.01869,-0.01197
Step3,0.01288,0.00299,0.01102,0.01473,0.00727,0.01768
