,Mean,Standard Deviation,CI_LB,CI_UB,Min,Max
TrainRMSE,0.24814,0.00076,0.24747,0.2488,0.24712,0.24908
TestRMSE,0.91266,0.00467,0.90857,0.91675,0.90344,0.91624
Step1,0.34409,0.00628,0.33859,0.34959,0.33379,0.35181
Step2,0.52386,0.00287,0.52134,0.52637,0.51853,0.52694
Step3,0.6634,0.00247,0.66123,0.66556,0.66024,0.66709
