,Mean,Standard Deviation,CI_LB,CI_UB,Min,Max
TrainRMSE,0.24609,0.00638,0.2405,0.25169,0.23456,0.25316
TestRMSE,0.91198,0.00861,0.90443,0.91952,0.90181,0.92749
Step1,0.34961,0.00501,0.34522,0.354,0.34328,0.35495
Step2,0.52248,0.00647,0.51681,0.52815,0.51674,0.53511
Step3,0.66066,0.00515,0.65615,0.66517,0.65452,0.66925
