,TrainMSE,TestMSE,Step1,Step2,Step3
Exp1,0.59141,0.56448,1.57566,0.08063,0.03715
Exp2,0.39665,0.41304,0.03619,0.56877,0.63417
Exp3,0.49816,0.57608,0.06748,1.4658,0.19496
Exp4,0.14938,0.15562,0.02765,0.09942,0.33979
Exp5,0.08443,0.06233,0.03931,0.07606,0.07162
Exp6,1.36801,1.33545,1.44004,1.266,1.30032
Exp7,0.29322,0.28874,0.24008,0.04507,0.58106
Exp8,0.79749,0.78441,0.04816,2.25763,0.04745
Exp9,0.28308,0.30399,0.03343,0.03388,0.84465
Exp10,0.33228,0.31684,0.66718,0.04265,0.24068
