,Mean,Standard Deviation,CI_LB,CI_UB,Min,Max
TrainMSE,0.47941,0.35641,0.2585,0.70032,0.08443,1.36801
TestMSE,0.4801,0.34917,0.26368,0.69651,0.06233,1.33545
Step1,0.41752,0.57685,0.05998,0.77505,0.02765,1.57566
Step2,0.59359,0.75335,0.12666,1.06052,0.03388,2.25763
Step3,0.42919,0.39016,0.18736,0.67101,0.03715,1.30032
