,Mean,Standard Deviation,CI_LB,CI_UB,Min,Max
TrainRMSE,1.17933,0.15459,1.04383,1.31484,0.97847,1.43326
TestRMSE,1.32563,0.14026,1.20269,1.44858,1.14666,1.57922
Step1,0.68297,0.07143,0.62036,0.74558,0.57215,0.75915
Step2,0.77557,0.16676,0.6294,0.92175,0.637,1.10114
Step3,0.82105,0.04455,0.782,0.8601,0.7627,0.88366
