,TrainMSE,TestMSE,Step1,Step2,Step3
Exp1,1.69031,1.85845,2.44511,2.95771,0.17253
Exp2,2.72087,3.88454,0.16678,7.16046,4.32639
Exp3,1.06636,1.17279,2.82791,0.35268,0.3378
Exp4,0.43076,0.53172,0.17042,1.34565,0.07909
Exp5,0.5074,0.63986,0.48572,0.43499,0.99887
Exp6,0.42796,0.50426,0.1878,0.16704,1.15794
Exp7,0.24991,0.30521,0.48756,0.23331,0.19475
Exp8,0.71934,0.80035,0.07621,2.22755,0.09729
Exp9,0.81771,0.96268,0.11589,0.49238,2.27977
Exp10,0.57894,0.64427,1.68582,0.1616,0.0854
