,Mean,Standard Deviation,CI_LB,CI_UB,Min,Max
TrainMSE,0.92096,0.71594,0.47721,1.3647,0.24991,2.72087
TestMSE,1.13041,1.0081,0.50559,1.75524,0.30521,3.88454
Step1,0.86492,0.99608,0.24755,1.4823,0.07621,2.82791
Step2,1.55334,2.08156,0.26317,2.8435,0.1616,7.16046
Step3,0.97298,1.30351,0.16506,1.78091,0.07909,4.32639
