,TrainMSE,TestMSE,Step1,Step2,Step3
Exp1,4.94197,3.77149,1.64212,3.2201,6.45225
Exp2,2.85808,2.1378,0.67937,4.36841,1.36563
Exp3,2.24088,1.57982,2.95538,0.71587,1.06821
Exp4,1.243,0.91584,0.65344,1.02254,1.07154
Exp5,1.95979,1.42063,1.29006,0.94305,2.02877
Exp6,3.22286,2.42222,1.83626,1.29396,4.13643
Exp7,1.59041,1.16977,0.71223,1.04398,1.7531
Exp8,3.66854,2.03283,0.86944,1.42443,3.80462
Exp9,1.80672,1.46329,0.88825,0.55824,2.94338
Exp10,1.17016,0.80785,0.67826,1.23594,0.50936
