,TrainRMSE,TestRMSE,Step1,Step2,Step3
Exp1,1.0843,1.22588,0.63754,0.68056,0.79572
Exp2,1.39893,1.30687,0.67618,0.79691,0.78461
Exp3,1.17255,1.34414,0.68854,0.72561,0.89785
Exp4,1.14037,1.22009,0.64604,0.63452,0.81771
Exp5,1.34669,1.38715,0.65536,0.76025,0.95745
