,Mean,Standard Deviation,CI_LB,CI_UB,Min,Max
TrainMSE,-2.68387,2.18948,-4.04092,-1.32682,-7.84457,0.07109
TestMSE,-3.42119,2.60836,-5.03787,-1.80451,-9.6354,-0.28339
Step1,-0.71303,0.9266,-1.28734,-0.13872,-2.3726,0.26881
Step2,-1.19426,1.38198,-2.05082,-0.3377,-3.49334,1.44524
Step3,-1.5139,1.32359,-2.33427,-0.69353,-4.34429,0.25093
