,TrainMSE,TestMSE,Step1,Step2,Step3
Exp1,0.29202,0.26513,0.22396,0.04603,0.5254
Exp2,0.49787,0.50222,0.89234,0.58248,0.03183
Exp3,0.51081,0.4855,0.48027,0.70846,0.26776
Exp4,0.32384,0.2828,0.13573,0.69051,0.02217
Exp5,0.38407,0.39382,0.9475,0.1122,0.12176
Exp6,0.4329,0.37465,0.50877,0.57322,0.04197
Exp7,0.3145,0.32121,0.04072,0.58169,0.34122
Exp8,0.11638,0.09691,0.09235,0.15063,0.04776
Exp9,1.04108,1.01274,1.28588,1.32055,0.43178
Exp10,0.25925,0.26714,0.17467,0.37759,0.24916
