,Mean,Standard Deviation,CI_LB,CI_UB,Min,Max
TrainMSE,0.41727,0.23584,0.2711,0.56345,0.11638,1.04108
TestMSE,0.40021,0.23271,0.25598,0.54445,0.09691,1.01274
Step1,0.47822,0.40735,0.22574,0.7307,0.04072,1.28588
Step2,0.51434,0.35544,0.29404,0.73464,0.04603,1.32055
Step3,0.20808,0.17323,0.10071,0.31545,0.02217,0.5254
