,TrainMSE,TestMSE,Step1,Step2,Step3
Exp1,0.00028,0.00671,0.00671,0.01057,0.01556
Exp2,0.00028,0.00679,0.00679,0.0106,0.01564
Exp3,0.00028,0.0068,0.0068,0.01062,0.01557
Exp4,0.00028,0.00664,0.00664,0.01047,0.01542
Exp5,0.00028,0.00669,0.00669,0.01049,0.01531
Exp6,0.00028,0.00683,0.00683,0.01067,0.01567
Exp7,0.00028,0.00674,0.00674,0.01061,0.01561
Exp8,0.00028,0.00675,0.00675,0.0106,0.01557
Exp9,0.00028,0.00667,0.00667,0.01044,0.01538
Exp10,0.00028,0.00669,0.00669,0.01055,0.01556
