,Mean,Standard Deviation,CI_LB,CI_UB,Min,Max
TrainMSE,0.00028,0.0,0.00028,0.00028,0.00028,0.00028
TestMSE,0.00673,6e-05,0.0067,0.00677,0.00664,0.00683
Step1,0.00673,6e-05,0.0067,0.00677,0.00664,0.00683
Step2,0.01056,7e-05,0.01052,0.01061,0.01044,0.01067
Step3,0.01553,0.00011,0.01546,0.0156,0.01531,0.01567
