,TrainMSE,TestMSE,Step1,Step2,Step3
Exp1,0.00045,0.00638,0.00638,0.01342,0.02299
Exp2,0.00044,0.00642,0.00642,0.01338,0.02312
Exp3,0.00045,0.00611,0.00611,0.01325,0.02315
Exp4,0.00045,0.00633,0.00633,0.01335,0.02294
Exp5,0.00045,0.00639,0.00639,0.01343,0.02336
Exp6,0.00042,0.00639,0.00639,0.01349,0.02331
Exp7,0.00044,0.00635,0.00635,0.01359,0.02344
Exp8,0.00045,0.00631,0.00631,0.01371,0.02406
Exp9,0.00045,0.00628,0.00628,0.01335,0.02301
Exp10,0.00045,0.00627,0.00627,0.01351,0.02316
