,Mean,Standard Deviation,CI_LB,CI_UB,Min,Max
TrainMSE,0.00044,1e-05,0.00044,0.00045,0.00042,0.00045
TestMSE,0.00632,9e-05,0.00627,0.00638,0.00611,0.00642
Step1,0.00632,9e-05,0.00627,0.00638,0.00611,0.00642
Step2,0.01345,0.00013,0.01337,0.01353,0.01325,0.01371
Step3,0.02325,0.00031,0.02306,0.02345,0.02294,0.02406
