,TrainMSE,TestMSE,Step1,Step2,Step3
Exp1,0.42492,0.44622,0.09721,0.03624,1.20522
Exp2,0.18037,0.2049,0.35262,0.07337,0.18871
Exp3,0.30518,0.27933,0.03333,0.50567,0.29899
Exp4,0.41162,0.36453,0.55127,0.42848,0.11385
Exp5,0.45864,0.3801,0.1904,0.8804,0.06951
Exp6,0.60013,0.61824,0.57296,0.68192,0.59985
Exp7,0.44688,0.51102,0.61943,0.88934,0.02429
Exp8,0.62612,0.60071,0.52842,1.23634,0.03736
Exp9,0.72852,0.67841,0.29376,0.12871,1.61276
Exp10,0.506,0.59778,0.86457,0.8974,0.03138
