,Mean,Standard Deviation,CI_LB,CI_UB,Min,Max
TrainMSE,0.46884,0.15052,0.37554,0.56213,0.18037,0.72852
TestMSE,0.46813,0.15062,0.37477,0.56148,0.2049,0.67841
Step1,0.4104,0.24815,0.25659,0.5642,0.03333,0.86457
Step2,0.57579,0.38887,0.33476,0.81681,0.03624,1.23634
Step3,0.41819,0.53012,0.08962,0.74676,0.02429,1.61276
