,TrainRMSE,TestRMSE,Step1,Step2,Step3
Exp1,1.16989,1.20376,0.43412,0.80547,0.78217
Exp2,1.21872,1.4191,0.92685,0.77364,0.74584
Exp3,1.29233,1.36399,0.73969,0.82501,0.79542
Exp4,1.11964,1.26091,0.62338,0.76987,0.78013
Exp5,1.21286,1.33409,0.78874,0.79522,0.72479
