,TrainMSE,TestMSE,Step1,Step2,Step3
Exp1,0.01959,0.12853,0.12853,0.27704,0.43407
Exp2,0.01989,0.12626,0.12626,0.27657,0.43468
Exp3,0.02005,0.12753,0.12753,0.2772,0.43305
Exp4,0.01996,0.12633,0.12633,0.28047,0.43873
Exp5,0.01929,0.12622,0.12622,0.27551,0.43021
Exp6,0.02017,0.12696,0.12696,0.27573,0.43343
Exp7,0.01926,0.12606,0.12606,0.27471,0.43146
Exp8,0.02084,0.13103,0.13103,0.27917,0.4355
Exp9,0.02038,0.12709,0.12709,0.27791,0.43522
Exp10,0.01963,0.12446,0.12446,0.27483,0.43413
