,Mean,Standard Deviation,CI_LB,CI_UB,Min,Max
TrainMSE,-0.00127,0.00172,-0.00234,-0.00021,-0.00273,0.00333
TestMSE,-0.08104,0.00659,-0.08513,-0.07696,-0.08955,-0.06508
Step1,-0.04713,0.00185,-0.04828,-0.04598,-0.05049,-0.04402
Step2,-0.03117,0.00228,-0.03259,-0.02976,-0.03453,-0.02597
Step3,-0.00274,0.00366,-0.00501,-0.00047,-0.00644,0.00668
