,TrainMSE,TestMSE,Step1,Step2,Step3
Exp1,0.74559,0.7975,1.90621,0.28271,0.20359
Exp2,0.1157,0.11662,0.06549,0.1969,0.08749
Exp3,0.50669,0.60293,0.16814,0.81253,0.82811
Exp4,0.2872,0.43878,0.74395,0.08428,0.4881
Exp5,0.16471,0.19494,0.24913,0.16873,0.16698
Exp6,0.58092,0.67012,1.88208,0.066,0.06227
Exp7,1.01309,1.18794,0.50447,1.83269,1.22666
Exp8,0.49351,0.5877,0.26915,0.15283,1.34112
Exp9,3.78354,3.47724,2.74316,1.87655,5.81203
Exp10,1.40338,1.54838,1.45026,0.06023,3.13464
