,Mean,Standard Deviation,CI_LB,CI_UB,Min,Max
TrainMSE,0.90943,1.02747,0.2726,1.54627,0.1157,3.78354
TestMSE,0.96222,0.93163,0.38478,1.53965,0.11662,3.47724
Step1,0.9982,0.88402,0.45028,1.54613,0.06549,2.74316
Step2,0.55335,0.68294,0.13005,0.97664,0.06023,1.87655
Step3,1.3351,1.73462,0.25997,2.41022,0.06227,5.81203
