,TrainMSE,TestMSE,Step1,Step2,Step3
Exp1,3.00028,2.15927,2.72874,1.95197,1.79708
Exp2,2.70977,1.9936,1.13745,3.08122,1.76213
Exp3,1.49679,1.18568,0.76174,2.19414,0.60114
Exp4,1.08528,0.65097,0.65344,0.74545,0.55403
Exp5,3.69592,2.38368,3.05397,1.87621,2.22086
Exp6,2.2954,1.61669,1.89429,1.66972,1.28607
Exp7,1.33203,1.00965,0.50849,1.72716,0.79329
Exp8,2.93235,1.85581,3.00461,1.65619,0.90664
Exp9,2.53992,1.84106,1.15938,2.71803,1.64577
Exp10,1.6611,1.11711,0.49745,2.22704,0.62685
