,Mean,Standard Deviation,CI_LB,CI_UB,Min,Max
TrainMSE,-2.40219,1.52056,-3.34464,-1.45973,-4.91751,-0.40093
TestMSE,-2.91441,1.55975,-3.88116,-1.94767,-5.19342,-0.94839
Step1,-0.50616,0.57342,-0.86157,-0.15075,-1.68186,0.20574
Step2,-1.25846,0.84339,-1.7812,-0.73572,-2.59644,0.25751
Step3,-1.14979,1.13004,-1.8502,-0.44939,-3.72753,0.43414
