,TrainMSE,TestMSE,Step1,Step2,Step3
Exp1,0.00061,0.00549,0.00549,0.01171,0.01887
Exp2,0.0006,0.00578,0.00578,0.01178,0.01878
Exp3,0.00061,0.00567,0.00567,0.0118,0.0188
Exp4,0.00061,0.00577,0.00577,0.01178,0.01867
Exp5,0.00064,0.00562,0.00562,0.01153,0.01845
Exp6,0.00063,0.00556,0.00556,0.01174,0.01877
Exp7,0.00061,0.00564,0.00564,0.01192,0.01895
Exp8,0.00063,0.00567,0.00567,0.01178,0.01873
Exp9,0.00061,0.00585,0.00585,0.01185,0.01877
Exp10,0.00061,0.00578,0.00578,0.01182,0.01865
