,Mean,Standard Deviation,CI_LB,CI_UB,Min,Max
TrainMSE,0.00062,1e-05,0.00061,0.00062,0.0006,0.00064
TestMSE,0.00568,0.00011,0.00562,0.00575,0.00549,0.00585
Step1,0.00568,0.00011,0.00562,0.00575,0.00549,0.00585
Step2,0.01177,0.0001,0.01171,0.01183,0.01153,0.01192
Step3,0.01874,0.00013,0.01867,0.01882,0.01845,0.01895
