,TrainMSE,TestMSE,Step1,Step2,Step3
Exp1,1.84427,1.49244,0.57998,0.86394,3.03341
Exp2,2.1415,1.65517,0.88693,1.83789,2.24067
Exp3,1.75058,1.07277,1.45175,0.69875,1.06781
Exp4,1.06796,0.98314,1.39452,1.02679,0.5281
Exp5,1.79083,1.35134,0.67567,2.88013,0.49822
Exp6,2.37972,1.48763,1.41161,1.6282,1.42308
Exp7,1.57326,1.20709,1.05859,1.01781,1.54486
Exp8,0.78967,0.67329,0.60454,0.91802,0.49732
Exp9,1.8072,1.2321,0.49694,1.97142,1.22795
Exp10,1.52151,1.13746,0.64328,0.81468,1.95444
