,Mean,Standard Deviation,CI_LB,CI_UB,Min,Max
TrainMSE,-2.43348,1.65371,-3.45846,-1.4085,-4.33751,1.24301
TestMSE,-2.84821,1.7632,-3.94106,-1.75537,-4.7982,1.19885
Step1,-1.13867,1.03273,-1.77877,-0.49858,-2.25693,1.36804
Step2,-1.30813,0.55295,-1.65085,-0.96541,-2.05622,-0.21259
Step3,-0.40141,0.90199,-0.96047,0.15765,-1.85468,1.14826
