,Mean,Standard Deviation,CI_LB,CI_UB,Min,Max
TrainRMSE,1.07132,0.08536,0.9965,1.14614,0.94261,1.20714
TestRMSE,1.23628,0.06075,1.18303,1.28953,1.16743,1.34552
Step1,0.61015,0.05269,0.56396,0.65634,0.51065,0.65461
Step2,0.72929,0.06251,0.67449,0.78408,0.66977,0.84689
Step3,0.7874,0.0354,0.75637,0.81843,0.73291,0.83341
