,TrainMSE,TestMSE,Step1,Step2,Step3
Exp1,0.77577,0.85934,0.22043,0.40622,1.95136
Exp2,0.8523,0.99942,1.33682,0.13404,1.5274
Exp3,1.42088,1.55059,4.10005,0.13851,0.41322
Exp4,0.49868,0.6249,0.19269,0.33503,1.34697
Exp5,0.88705,1.0283,1.95382,1.0638,0.0673
Exp6,0.18093,0.2713,0.16412,0.31909,0.33068
Exp7,1.71773,1.93808,2.14973,1.50929,2.15522
Exp8,0.90815,1.02464,2.11987,0.11768,0.83638
Exp9,1.56103,1.76485,2.10256,3.11909,0.07291
Exp10,0.32227,0.40696,0.38915,0.20606,0.62567
