,Mean,Standard Deviation,CI_LB,CI_UB,Min,Max
TrainMSE,0.91248,0.49043,0.6085,1.21645,0.18093,1.71773
TestMSE,1.04684,0.52828,0.71941,1.37427,0.2713,1.93808
Step1,1.47292,1.20499,0.72607,2.21978,0.16412,4.10005
Step2,0.73488,0.90611,0.17327,1.29649,0.11768,3.11909
Step3,0.93271,0.72674,0.48227,1.38315,0.0673,2.15522
