,TrainMSE,TestMSE,Step1,Step2,Step3
Exp1,0.0006,0.00563,0.00563,0.01132,0.01729
Exp2,0.0006,0.00568,0.00568,0.01127,0.01715
Exp3,0.00064,0.00562,0.00562,0.0112,0.0171
Exp4,0.00062,0.00576,0.00576,0.01117,0.01698
Exp5,0.00063,0.00578,0.00578,0.01136,0.0172
Exp6,0.00062,0.00562,0.00562,0.01112,0.01696
Exp7,0.00063,0.00587,0.00587,0.01139,0.01716
Exp8,0.00062,0.00579,0.00579,0.01127,0.01708
Exp9,0.00062,0.00567,0.00567,0.01122,0.01715
Exp10,0.00061,0.00559,0.00559,0.0112,0.01717
