,Mean,Standard Deviation,CI_LB,CI_UB,Min,Max
TrainMSE,0.00062,1e-05,0.00061,0.00063,0.0006,0.00064
TestMSE,0.0057,9e-05,0.00565,0.00575,0.00559,0.00587
Step1,0.0057,9e-05,0.00565,0.00575,0.00559,0.00587
Step2,0.01125,8e-05,0.0112,0.0113,0.01112,0.01139
Step3,0.01712,9e-05,0.01707,0.01718,0.01696,0.01729
