,TrainMSE,TestMSE,Step1,Step2,Step3
Exp1,0.00046,0.00601,0.00601,0.01223,0.01893
Exp2,0.00047,0.00592,0.00592,0.01215,0.01893
Exp3,0.00047,0.00612,0.00612,0.01212,0.01878
Exp4,0.00048,0.00591,0.00591,0.01201,0.01855
Exp5,0.00046,0.00589,0.00589,0.01209,0.01878
Exp6,0.00047,0.00601,0.00601,0.01217,0.01882
Exp7,0.00045,0.00601,0.00601,0.01224,0.0189
Exp8,0.00046,0.00579,0.00579,0.01208,0.01898
Exp9,0.00047,0.00593,0.00593,0.01196,0.01867
Exp10,0.00045,0.00605,0.00605,0.01208,0.01878
