,Mean,Standard Deviation,CI_LB,CI_UB,Min,Max
TrainMSE,0.00046,1e-05,0.00046,0.00047,0.00045,0.00048
TestMSE,0.00597,9e-05,0.00591,0.00602,0.00579,0.00612
Step1,0.00597,9e-05,0.00591,0.00602,0.00579,0.00612
Step2,0.01211,8e-05,0.01206,0.01217,0.01196,0.01224
Step3,0.01881,0.00013,0.01873,0.01889,0.01855,0.01898
