,Mean,Standard Deviation,CI_LB,CI_UB,Min,Max
TrainMSE,1.26582,0.01649,1.25559,1.27604,1.24838,1.30455
TestMSE,77.43732,2.14441,76.1082,78.76644,74.33284,81.06345
Step1,77.43732,2.14441,76.1082,78.76644,74.33284,81.06345
Step2,90.20828,1.80825,89.08751,91.32904,87.85362,92.85872
Step3,122.04983,2.15851,120.71197,123.38769,119.33271,125.22115
