,Mean,Standard Deviation,CI_LB,CI_UB,Min,Max
TrainMSE,3.38969,0.02692,3.373,3.40637,3.34577,3.42458
TestMSE,78.52956,0.98037,77.92193,79.1372,76.36781,79.98948
Step1,78.52956,0.98037,77.92193,79.1372,76.36781,79.98948
Step2,114.49223,1.32921,113.66837,115.31608,111.5025,116.93033
Step3,165.01677,2.06563,163.73648,166.29705,162.07641,169.25633
