,Mean,Standard Deviation,CI_LB,CI_UB,Min,Max
TrainMSE,15893.02899,12887.32962,7905.37934,23880.67865,7900.60597,54136.01952
TestMSE,21266.61537,17495.80562,10422.6027,32110.62804,10588.89285,73218.67841
Step1,13368.82915,6838.13984,9130.50617,17607.15214,442.71365,23952.94766
Step2,35720.44243,48922.66175,5397.86252,66043.02234,14644.11272,181135.22339
Step3,14710.57453,5254.67463,11453.69345,17967.45561,453.98719,21474.377
