,TrainMSE,TestMSE,Step1,Step2,Step3
Exp1,0.01809,0.12876,0.12876,0.27288,0.42114
Exp2,0.01896,0.12958,0.12958,0.27187,0.41807
Exp3,0.01827,0.13082,0.13082,0.27267,0.41912
Exp4,0.01755,0.13017,0.13017,0.27266,0.41827
Exp5,0.01815,0.12856,0.12856,0.27622,0.42781
Exp6,0.01805,0.13179,0.13179,0.2725,0.41759
Exp7,0.01806,0.1268,0.1268,0.27289,0.42128
Exp8,0.0177,0.12495,0.12495,0.26942,0.41713
Exp9,0.01825,0.12846,0.12846,0.27206,0.42027
Exp10,0.01836,0.12797,0.12797,0.27137,0.41875
