,Mean,Standard Deviation,CI_LB,CI_UB,Min,Max
TrainMSE,0.00517,0.00247,0.00364,0.0067,0.00113,0.00855
TestMSE,-0.03494,0.0057,-0.03848,-0.03141,-0.04287,-0.02602
Step1,-0.02669,0.00169,-0.02774,-0.02564,-0.02861,-0.02338
Step2,-0.01387,0.0021,-0.01517,-0.01256,-0.01695,-0.01018
Step3,0.00561,0.00244,0.0041,0.00712,0.00248,0.00903
