,TrainMSE,TestMSE,Step1,Step2,Step3
Exp1,3.68792,2.69764,4.06483,3.19654,0.83155
Exp2,1.98664,1.17419,0.71808,0.5672,2.23728
Exp3,6.95276,4.91422,0.7674,7.79413,6.18114
Exp4,8.2663,5.10241,4.09351,6.90304,4.31068
Exp5,4.27862,3.22135,1.56763,6.40807,1.68836
Exp6,1.33361,0.92611,0.57713,0.53672,1.66448
Exp7,1.57198,0.84841,0.49787,0.8561,1.19124
Exp8,1.17843,0.70395,0.58969,0.51252,1.00965
Exp9,3.14128,2.22061,2.51869,2.00958,2.13357
Exp10,6.42064,4.45214,6.63168,4.09106,2.63366
