,Mean,Standard Deviation,CI_LB,CI_UB,Min,Max
TrainMSE,-2.54925,1.01221,-3.17663,-1.92187,-4.10541,-1.1349
TestMSE,-3.00337,0.98613,-3.61458,-2.39216,-4.51898,-1.61207
Step1,-0.74476,0.92319,-1.31696,-0.17256,-1.82177,1.18636
Step2,-1.61465,0.89688,-2.17055,-1.05876,-3.33847,0.02468
Step3,-0.64396,0.57121,-0.998,-0.28992,-1.71372,0.21387
