,TrainRMSE,TestRMSE,Step1,Step2,Step3
Exp1,1.04557,1.23472,0.65461,0.71177,0.76773
Exp2,1.06364,1.16743,0.61412,0.66977,0.73291
Exp3,0.94261,1.19426,0.51065,0.68624,0.83341
Exp4,1.20714,1.34552,0.65423,0.84689,0.81559
Exp5,1.09765,1.23946,0.61713,0.73175,0.78736
