,Mean,Standard Deviation,CI_LB,CI_UB,Min,Max
TrainMSE,1.53779,0.02153,1.52445,1.55113,1.49647,1.57145
TestMSE,75.19738,1.28809,74.39902,75.99575,72.60125,76.97186
Step1,75.19738,1.28809,74.39902,75.99575,72.60125,76.97186
Step2,89.95672,1.12994,89.25638,90.65706,87.91508,91.63063
Step3,124.38629,1.37457,123.53432,125.23825,122.17682,126.44537
