,TrainMSE,TestMSE,Step1,Step2,Step3
Exp1,1.9385,1.4018,2.70696,0.82291,0.67552
Exp2,1.96779,1.24443,1.78428,0.6402,1.3088
Exp3,1.86935,1.26851,0.91344,1.4586,1.43349
Exp4,2.16304,1.52847,1.52735,2.33833,0.71973
Exp5,12.859,7.67811,7.37762,5.50009,10.15664
Exp6,0.77491,0.62581,0.50442,0.62388,0.74913
Exp7,1.67913,1.06973,0.86921,0.51798,1.822
Exp8,3.07155,2.07364,1.76137,1.98017,2.47937
Exp9,1.42025,1.00754,0.93506,1.2745,0.81306
Exp10,1.51729,1.02655,0.79961,0.9439,1.33615
