,Mean,Standard Deviation,CI_LB,CI_UB,Min,Max
TrainMSE,2.92608,3.35725,0.84524,5.00693,0.77491,12.859
TestMSE,1.89246,1.96223,0.67626,3.10866,0.62581,7.67811
Step1,1.91793,1.92222,0.72653,3.10933,0.50442,7.37762
Step2,1.61006,1.4179,0.73123,2.48888,0.51798,5.50009
Step3,2.14939,2.72351,0.46134,3.83744,0.67552,10.15664
