,Mean,Standard Deviation,CI_LB,CI_UB,Min,Max
TrainMSE,-3.13006,0.87686,-3.67354,-2.58658,-4.35434,-1.38027
TestMSE,-3.67873,0.92342,-4.25107,-3.10639,-4.86069,-1.85111
Step1,-1.48859,0.84502,-2.01234,-0.96484,-2.74573,-0.05642
Step2,-1.16076,0.62689,-1.5493,-0.77221,-2.37749,-0.37176
Step3,-1.02938,0.8032,-1.52721,-0.53156,-1.86169,0.99311
