,TrainMSE,TestMSE,Step1,Step2,Step3
Exp1,0.00044,0.00708,0.00708,0.0116,0.01785
Exp2,0.00045,0.00705,0.00705,0.01151,0.01779
Exp3,0.00043,0.0072,0.0072,0.01167,0.01794
Exp4,0.00044,0.00711,0.00711,0.01156,0.01773
Exp5,0.00044,0.00725,0.00725,0.01154,0.01784
Exp6,0.00043,0.00714,0.00714,0.01154,0.01783
Exp7,0.00044,0.00714,0.00714,0.01142,0.01726
Exp8,0.00044,0.00716,0.00716,0.01159,0.01774
Exp9,0.00044,0.00719,0.00719,0.0116,0.01775
Exp10,0.00044,0.00712,0.00712,0.01153,0.01764
