,Mean,Standard Deviation,CI_LB,CI_UB,Min,Max
TrainMSE,0.00044,0.0,0.00044,0.00044,0.00043,0.00045
TestMSE,0.00714,6e-05,0.00711,0.00718,0.00705,0.00725
Step1,0.00714,6e-05,0.00711,0.00718,0.00705,0.00725
Step2,0.01156,6e-05,0.01152,0.0116,0.01142,0.01167
Step3,0.01774,0.00018,0.01763,0.01785,0.01726,0.01794
