,TrainMSE,TestMSE,Step1,Step2,Step3
Exp1,0.01165,0.12324,0.12324,0.25672,0.40245
Exp2,0.01165,0.12059,0.12059,0.25416,0.40106
Exp3,0.01158,0.12011,0.12011,0.25172,0.39729
Exp4,0.01216,0.11707,0.11707,0.24962,0.39652
Exp5,0.0114,0.11988,0.11988,0.25128,0.39375
Exp6,0.01175,0.12012,0.12012,0.25238,0.39753
Exp7,0.0113,0.11967,0.11967,0.25377,0.40032
Exp8,0.01162,0.11689,0.11689,0.2488,0.39577
Exp9,0.01152,0.12096,0.12096,0.25405,0.40219
Exp10,0.01136,0.11301,0.11301,0.24679,0.39607
