,Mean,Standard Deviation,CI_LB,CI_UB,Min,Max
TrainMSE,-0.00648,0.00241,-0.00798,-0.00499,-0.01005,-0.00138
TestMSE,-0.14747,0.00244,-0.14899,-0.14596,-0.15238,-0.14408
Step1,-0.06059,0.00074,-0.06105,-0.06014,-0.06162,-0.059
Step2,-0.05359,0.00081,-0.05409,-0.05309,-0.05482,-0.05245
Step3,-0.03329,0.00136,-0.03414,-0.03245,-0.03644,-0.03129
