,TrainRMSE,TestRMSE,Step1,Step2,Step3
Exp1,0.24975,0.91823,0.35551,0.52679,0.66276
Exp2,0.25482,0.9066,0.34576,0.51816,0.6587
Exp3,0.25065,0.90556,0.33448,0.52082,0.66099
Exp4,0.24976,0.90947,0.34555,0.52141,0.6602
Exp5,0.25481,0.90033,0.34938,0.51571,0.65007
