,TrainMSE,TestMSE,Step1,Step2,Step3
Exp1,0.01042,0.14534,0.14534,0.30407,0.44825
Exp2,0.01075,0.14754,0.14754,0.30288,0.44347
Exp3,0.01038,0.14788,0.14788,0.30704,0.45115
Exp4,0.01113,0.14452,0.14452,0.3035,0.44898
Exp5,0.01071,0.14416,0.14416,0.30514,0.45061
Exp6,0.01093,0.14568,0.14568,0.30788,0.45344
Exp7,0.01096,0.14669,0.14669,0.30454,0.44786
Exp8,0.01094,0.14342,0.14342,0.30503,0.4511
Exp9,0.01085,0.14984,0.14984,0.30745,0.44901
Exp10,0.01115,0.14228,0.14228,0.30443,0.4516
