,Mean,Standard Deviation,CI_LB,CI_UB,Min,Max
TrainMSE,0.00125,0.00182,0.00012,0.00238,-0.00155,0.00444
TestMSE,-0.15062,0.00362,-0.15287,-0.14838,-0.1559,-0.14571
Step1,-0.05936,0.00094,-0.05994,-0.05877,-0.06059,-0.05784
Step2,-0.05258,0.00128,-0.05338,-0.05179,-0.0546,-0.05087
Step3,-0.03869,0.00179,-0.03979,-0.03758,-0.04138,-0.03526
