,Mean,Standard Deviation,CI_LB,CI_UB,Min,Max
TrainRMSE,1.22857,0.12223,1.12143,1.33571,1.0843,1.39893
TestRMSE,1.29683,0.06545,1.23946,1.3542,1.22009,1.38715
Step1,0.66073,0.01895,0.64412,0.67734,0.63754,0.68854
Step2,0.71957,0.05732,0.66933,0.76981,0.63452,0.79691
Step3,0.85067,0.06648,0.7924,0.90894,0.78461,0.95745
