,Mean,Standard Deviation,CI_LB,CI_UB,Min,Max
TrainRMSE,0.24885,0.00278,0.24641,0.25128,0.24462,0.25171
TestRMSE,0.91437,0.00788,0.90747,0.92127,0.90496,0.92597
Step1,0.34439,0.00404,0.34085,0.34794,0.33898,0.35016
Step2,0.52475,0.00548,0.51994,0.52955,0.51843,0.53312
Step3,0.6649,0.00467,0.66081,0.669,0.65809,0.67126
