,TrainMSE,TestMSE,Step1,Step2,Step3
Exp1,1.18463,1.37024,0.70504,0.39492,3.01074
Exp2,1.7176,1.93322,0.97118,1.50809,3.32039
Exp3,0.42911,0.55895,0.47443,0.62666,0.57576
Exp4,0.15535,0.175,0.18571,0.10411,0.23518
Exp5,1.03338,1.16028,0.24658,1.73175,1.5025
Exp6,0.8221,0.98752,1.50367,0.61267,0.84621
Exp7,0.18648,0.22541,0.26992,0.34018,0.06614
Exp8,0.76819,0.85406,1.99274,0.19948,0.36997
Exp9,0.17053,0.24209,0.34,0.18581,0.20046
Exp10,1.61638,1.81223,3.27034,2.03954,0.12682
