,Mean,Standard Deviation,CI_LB,CI_UB,Min,Max
TrainMSE,0.80838,0.55113,0.46678,1.14997,0.15535,1.7176
TestMSE,0.9319,0.60976,0.55397,1.30983,0.175,1.93322
Step1,0.99596,0.94641,0.40937,1.58255,0.18571,3.27034
Step2,0.77432,0.67544,0.35568,1.19296,0.10411,2.03954
Step3,1.02542,1.14598,0.31513,1.7357,0.06614,3.32039
