,TrainMSE,TestMSE,Step1,Step2,Step3
Exp1,0.50231,0.49188,0.03511,0.48651,0.95402
Exp2,0.32944,0.36191,0.1249,0.04207,0.91876
Exp3,0.77983,0.76599,0.51478,1.5391,0.2441
Exp4,0.49682,0.55004,0.31673,1.24824,0.08514
Exp5,0.19441,0.18124,0.21849,0.27478,0.05044
Exp6,0.1196,0.12772,0.29704,0.04883,0.03729
Exp7,0.96251,1.03597,0.82484,1.22905,1.05402
Exp8,0.31816,0.33453,0.14459,0.12599,0.733
Exp9,0.59112,0.59071,0.06069,1.45393,0.25751
Exp10,0.63858,0.64201,1.4676,0.29018,0.16825
