,Mean,Standard Deviation,CI_LB,CI_UB,Min,Max
TrainMSE,0.49328,0.24891,0.33901,0.64755,0.1196,0.96251
TestMSE,0.5082,0.2598,0.34717,0.66923,0.12772,1.03597
Step1,0.40048,0.42108,0.13949,0.66147,0.03511,1.4676
Step2,0.67387,0.58539,0.31104,1.0367,0.04207,1.5391
Step3,0.45026,0.39251,0.20698,0.69353,0.03729,1.05402
