,Mean,Standard Deviation,CI_LB,CI_UB,Min,Max
TrainMSE,23790.28712,35071.96874,2052.45568,45528.11856,10521.62518,128954.40442
TestMSE,31845.87768,46953.08284,2744.05543,60947.69993,14111.94953,172634.76913
Step1,22155.96202,14173.64438,13371.04621,30940.87782,7068.17122,61969.6505
Step2,40210.58712,81876.68038,-10537.10514,90958.27938,3026.73629,285470.85044
Step3,33171.0839,46182.52512,4546.85827,61795.30953,8568.24779,170463.80646
