,Mean,Standard Deviation,CI_LB,CI_UB,Min,Max
TrainRMSE,0.2468,0.00254,0.24457,0.24903,0.24269,0.25069
TestRMSE,0.91076,0.00547,0.90597,0.91556,0.90347,0.91744
Step1,0.34469,0.00857,0.33718,0.3522,0.33364,0.35934
Step2,0.52277,0.0035,0.51971,0.52584,0.51842,0.52726
Step3,0.66129,0.00426,0.65756,0.66503,0.65336,0.66545
