,TrainMSE,TestMSE,Step1,Step2,Step3
Exp1,0.79619,0.71532,0.13307,1.1763,0.8366
Exp2,0.08853,0.06545,0.07372,0.03014,0.0925
Exp3,0.76749,0.84677,0.40039,0.59325,1.54668
Exp4,0.69107,0.69432,0.09022,1.08862,0.90412
Exp5,1.04299,1.06022,0.57625,1.59628,1.00812
Exp6,0.42017,0.37231,0.70299,0.12497,0.28896
Exp7,0.40217,0.46007,1.04224,0.25271,0.08526
Exp8,0.55287,0.57036,1.27964,0.04905,0.38239
Exp9,0.15153,0.16762,0.06914,0.14478,0.28895
Exp10,0.27943,0.32445,0.04008,0.58603,0.34724
