,Mean,Standard Deviation,CI_LB,CI_UB,Min,Max
TrainMSE,0.51924,0.2907,0.33907,0.69942,0.08853,1.04299
TestMSE,0.52769,0.29386,0.34555,0.70983,0.06545,1.06022
Step1,0.44077,0.42487,0.17744,0.70411,0.04008,1.27964
Step2,0.56421,0.52275,0.24021,0.88821,0.03014,1.59628
Step3,0.57808,0.45096,0.29857,0.85759,0.08526,1.54668
