,TrainMSE,TestMSE,Step1,Step2,Step3
Exp1,0.00026,0.0071,0.0071,0.01159,0.01729
Exp2,0.00027,0.0072,0.0072,0.0116,0.01729
Exp3,0.00026,0.00715,0.00715,0.01157,0.01723
Exp4,0.00027,0.00709,0.00709,0.01161,0.01723
Exp5,0.00027,0.00699,0.00699,0.0114,0.01682
Exp6,0.00027,0.00701,0.00701,0.01148,0.01708
Exp7,0.00027,0.00711,0.00711,0.01164,0.01725
Exp8,0.00026,0.0071,0.0071,0.01148,0.01709
Exp9,0.00027,0.00699,0.00699,0.01144,0.01689
Exp10,0.00027,0.00708,0.00708,0.01148,0.01718
