,Mean,Standard Deviation,CI_LB,CI_UB,Min,Max
TrainMSE,0.00027,0.0,0.00026,0.00027,0.00026,0.00027
TestMSE,0.00708,7e-05,0.00704,0.00712,0.00699,0.0072
Step1,0.00708,7e-05,0.00704,0.00712,0.00699,0.0072
Step2,0.01153,8e-05,0.01148,0.01158,0.0114,0.01164
Step3,0.01714,0.00016,0.01704,0.01723,0.01682,0.01729
