,Mean,Standard Deviation,CI_LB,CI_UB,Min,Max
TrainMSE,16197.16828,6311.15568,12285.47347,20108.8631,10925.65592,28689.05
TestMSE,21884.59123,8823.36269,16415.81438,27353.36808,14702.06632,39830.57519
Step1,25301.34078,11910.04086,17919.42098,32683.26058,16411.40663,46482.08597
Step2,24986.56097,16631.89481,14678.00577,35295.11617,8483.47605,63676.98729
Step3,15365.87194,5179.90159,12155.33567,18576.40821,1927.63703,23745.86007
