,TrainMSE,TestMSE,Step1,Step2,Step3
Exp1,0.00034,0.00715,0.00715,0.01126,0.0168
Exp2,0.00032,0.0071,0.0071,0.01125,0.01685
Exp3,0.00034,0.00706,0.00706,0.01117,0.01665
Exp4,0.00034,0.00699,0.00699,0.01112,0.01657
Exp5,0.00034,0.00709,0.00709,0.01124,0.01675
Exp6,0.00033,0.00705,0.00705,0.01121,0.01673
Exp7,0.00033,0.00711,0.00711,0.01127,0.01676
Exp8,0.00033,0.00704,0.00704,0.0111,0.01644
Exp9,0.00033,0.00701,0.00701,0.01107,0.01652
Exp10,0.00034,0.00703,0.00703,0.01115,0.01675
