,Mean,Standard Deviation,CI_LB,CI_UB,Min,Max
TrainMSE,0.00033,0.0,0.00033,0.00034,0.00032,0.00034
TestMSE,0.00706,4e-05,0.00704,0.00709,0.00699,0.00715
Step1,0.00706,4e-05,0.00704,0.00709,0.00699,0.00715
Step2,0.01118,7e-05,0.01114,0.01123,0.01107,0.01127
Step3,0.01668,0.00012,0.0166,0.01676,0.01644,0.01685
