,TrainMSE,TestMSE,Step1,Step2,Step3
Exp1,0.02265,0.11662,0.11662,0.25525,0.41357
Exp2,0.02445,0.11364,0.11364,0.25359,0.41055
Exp3,0.02273,0.11501,0.11501,0.25345,0.40908
Exp4,0.0239,0.12219,0.12219,0.26411,0.41932
Exp5,0.02402,0.11578,0.11578,0.25549,0.41433
Exp6,0.02367,0.11799,0.11799,0.25731,0.41579
Exp7,0.02382,0.11552,0.11552,0.25482,0.41026
Exp8,0.02305,0.11414,0.11414,0.25365,0.41308
Exp9,0.02343,0.11902,0.11902,0.26059,0.41746
Exp10,0.02332,0.11593,0.11593,0.25786,0.41655
