,Mean,Standard Deviation,CI_LB,CI_UB,Min,Max
TrainMSE,0.00716,0.00233,0.00572,0.0086,0.00269,0.01007
TestMSE,-0.0619,0.00386,-0.06429,-0.05951,-0.06937,-0.05776
Step1,-0.03298,0.00076,-0.03345,-0.03251,-0.03406,-0.03155
Step2,-0.02439,0.00139,-0.02525,-0.02354,-0.027,-0.02274
Step3,-0.00453,0.00236,-0.00599,-0.00307,-0.00969,-0.00178
