,TrainMSE,TestMSE,Step1,Step2,Step3
Exp1,2.15025,1.47466,2.85637,0.79049,0.77714
Exp2,1.12717,0.9371,1.69264,0.54018,0.57849
Exp3,2.26039,1.50994,3.07087,0.65739,0.80157
Exp4,2.71978,1.71211,2.54777,1.83123,0.75733
Exp5,1.62704,1.15197,1.62947,0.74821,1.07822
Exp6,2.89474,1.91531,2.65097,1.19599,1.89898
Exp7,1.61485,1.04253,1.61194,1.007,0.50864
Exp8,2.68788,2.03705,2.62707,0.57938,2.90469
Exp9,3.91838,2.94928,2.58604,2.40599,3.85582
Exp10,2.4803,1.68705,3.45516,0.55281,1.05316
