,TrainRMSE,TestRMSE,Step1,Step2,Step3
Exp1,1.153,1.30719,0.68579,0.67645,0.88366
Exp2,1.43326,1.57922,0.75765,1.10114,0.84106
Exp3,1.08348,1.28987,0.6401,0.74084,0.83977
Exp4,0.97847,1.14666,0.57215,0.637,0.7627
Exp5,1.24846,1.30522,0.75915,0.72243,0.77807
