,Mean,Standard Deviation,CI_LB,CI_UB,Min,Max
TrainMSE,-2.45568,1.00878,-3.08092,-1.83043,-3.88698,-0.7744
TestMSE,-2.95167,1.02592,-3.58754,-2.3158,-4.40776,-1.24325
Step1,-0.88202,0.614,-1.26258,-0.50146,-1.97214,0.05856
Step2,-0.86859,0.83694,-1.38733,-0.34985,-2.13312,0.39548
Step3,-1.20106,0.94519,-1.7869,-0.61523,-2.80328,-0.04137
