,TrainMSE,TestMSE,Step1,Step2,Step3
Exp1,0.01355,0.13359,0.13359,0.27019,0.40657
Exp2,0.01354,0.1335,0.1335,0.27224,0.40952
Exp3,0.01328,0.12871,0.12871,0.26844,0.40792
Exp4,0.01247,0.12743,0.12743,0.27054,0.41058
Exp5,0.01352,0.13343,0.13343,0.27228,0.4098
Exp6,0.01285,0.12844,0.12844,0.26928,0.40792
Exp7,0.01335,0.12526,0.12526,0.27002,0.41191
Exp8,0.01324,0.13386,0.13386,0.27593,0.41252
Exp9,0.01319,0.13351,0.13351,0.27282,0.40993
Exp10,0.01266,0.13115,0.13115,0.27324,0.41135
