,Mean,Standard Deviation,CI_LB,CI_UB,Min,Max
TrainMSE,0.01316,0.00036,0.01294,0.01339,0.01247,0.01355
TestMSE,0.13089,0.00301,0.12902,0.13275,0.12526,0.13386
Step1,0.13089,0.00301,0.12902,0.13275,0.12526,0.13386
Step2,0.2715,0.00211,0.27019,0.27281,0.26844,0.27593
Step3,0.4098,0.0018,0.40869,0.41092,0.40657,0.41252
