,Mean,Standard Deviation,CI_LB,CI_UB,Min,Max
TrainMSE,15078.49107,2517.47685,13518.14275,16638.83939,12342.32595,19169.85108
TestMSE,20095.60603,3451.98329,17956.04462,22235.16744,16380.30186,25939.65564
Step1,20768.73261,12745.67359,12868.88228,28668.58294,11737.04946,58389.07658
Step2,18366.55316,10927.0666,11593.88712,25139.21921,1115.11814,43705.15117
Step3,21151.53233,9626.2724,15185.10688,27117.95777,7403.99677,45262.24279
