,TrainMSE,TestMSE,Step1,Step2,Step3
Exp1,0.00057,0.00624,0.00624,0.01274,0.0201
Exp2,0.00055,0.00594,0.00594,0.01262,0.02015
Exp3,0.00055,0.006,0.006,0.01269,0.02041
Exp4,0.00054,0.00588,0.00588,0.01266,0.02041
Exp5,0.00057,0.00584,0.00584,0.01244,0.01993
Exp6,0.00055,0.00609,0.00609,0.01282,0.02041
Exp7,0.00055,0.00608,0.00608,0.01272,0.02013
Exp8,0.00055,0.00611,0.00611,0.0126,0.01999
Exp9,0.00053,0.00587,0.00587,0.01247,0.01987
Exp10,0.00056,0.00588,0.00588,0.01246,0.02006
