,Mean,Standard Deviation,CI_LB,CI_UB,Min,Max
TrainMSE,0.00055,1e-05,0.00054,0.00056,0.00053,0.00057
TestMSE,0.00599,0.00013,0.00591,0.00607,0.00584,0.00624
Step1,0.00599,0.00013,0.00591,0.00607,0.00584,0.00624
Step2,0.01262,0.00012,0.01255,0.0127,0.01244,0.01282
Step3,0.02015,0.00019,0.02003,0.02026,0.01987,0.02041
