,TrainMSE,TestMSE,Step1,Step2,Step3
Exp1,0.56741,0.69449,0.22483,1.7394,0.11925
Exp2,0.69054,0.80538,0.11717,1.82615,0.47283
Exp3,0.39323,0.48938,0.07246,0.19548,1.20018
Exp4,1.21161,1.50621,1.68498,0.82301,2.01065
Exp5,0.65522,0.81211,0.8122,0.52458,1.09954
Exp6,1.33129,1.51973,2.03657,2.35281,0.16982
Exp7,1.33399,1.47176,0.06725,2.12569,2.22233
Exp8,0.59582,0.7737,1.51317,0.58989,0.21803
Exp9,0.17207,0.16338,0.33562,0.08848,0.06604
Exp10,0.27929,0.29712,0.34859,0.41308,0.12969
