,Mean,Standard Deviation,CI_LB,CI_UB,Min,Max
TrainMSE,0.72305,0.40463,0.47226,0.97384,0.17207,1.33399
TestMSE,0.85333,0.46971,0.5622,1.14445,0.16338,1.51973
Step1,0.72128,0.71006,0.28119,1.16138,0.06725,2.03657
Step2,1.06786,0.808,0.56705,1.56866,0.08848,2.35281
Step3,0.77084,0.77617,0.28976,1.25191,0.06604,2.22233
