,Mean,Standard Deviation,CI_LB,CI_UB,Min,Max
TrainMSE,21094.357,18314.09063,9743.16602,32445.54798,8468.6538,70431.59007
TestMSE,28350.94563,24850.78496,12948.26953,43753.62172,11476.76399,95191.3004
Step1,16275.22405,7747.23284,11473.43939,21077.00872,426.75835,30285.01163
Step2,20453.63056,12164.57038,12913.95172,27993.3094,10990.0069,56111.67485
Step3,48323.98226,73554.68227,2734.31787,93913.64666,11581.61602,262713.49441
