,TrainMSE,TestMSE,Step1,Step2,Step3
Exp1,0.00044,0.00646,0.00646,0.01344,0.02051
Exp2,0.00045,0.00629,0.00629,0.01349,0.02092
Exp3,0.00046,0.0063,0.0063,0.01364,0.02097
Exp4,0.00045,0.00637,0.00637,0.01362,0.02093
Exp5,0.00044,0.00646,0.00646,0.0136,0.02092
Exp6,0.00043,0.0065,0.0065,0.01363,0.02077
Exp7,0.00045,0.00634,0.00634,0.0135,0.02075
Exp8,0.00043,0.00619,0.00619,0.01351,0.02078
Exp9,0.00045,0.00652,0.00652,0.0137,0.02079
Exp10,0.00045,0.00638,0.00638,0.0135,0.0208
