,Mean,Standard Deviation,CI_LB,CI_UB,Min,Max
TrainMSE,0.00044,1e-05,0.00044,0.00045,0.00043,0.00046
TestMSE,0.00638,0.0001,0.00632,0.00644,0.00619,0.00652
Step1,0.00638,0.0001,0.00632,0.00644,0.00619,0.00652
Step2,0.01356,8e-05,0.01351,0.01361,0.01344,0.0137
Step3,0.02081,0.00013,0.02073,0.02089,0.02051,0.02097
