,TrainRMSE,TestRMSE,Step1,Step2,Step3
Exp1,0.24695,0.91744,0.35934,0.52537,0.66073
Exp2,0.24724,0.90613,0.33364,0.51842,0.66408
Exp3,0.25069,0.91627,0.34456,0.52726,0.66545
Exp4,0.24644,0.90347,0.34645,0.51899,0.65336
Exp5,0.24269,0.9105,0.33948,0.52383,0.66285
