,TrainMSE,TestMSE,Step1,Step2,Step3
Exp1,0.0007,0.00896,0.00896,0.01568,0.02268
Exp2,0.00071,0.00917,0.00917,0.01609,0.02307
Exp3,0.0007,0.0088,0.0088,0.01555,0.02288
Exp4,0.00071,0.00898,0.00898,0.01593,0.02296
Exp5,0.00071,0.00884,0.00884,0.0157,0.02284
Exp6,0.00069,0.00899,0.00899,0.01582,0.02295
Exp7,0.0007,0.00907,0.00907,0.01591,0.02319
Exp8,0.00071,0.009,0.009,0.01596,0.02301
Exp9,0.0007,0.00923,0.00923,0.01605,0.02287
Exp10,0.0007,0.00914,0.00914,0.01603,0.02275
