,Mean,Standard Deviation,CI_LB,CI_UB,Min,Max
TrainMSE,0.0007,0.0,0.0007,0.00071,0.00069,0.00071
TestMSE,0.00902,0.00013,0.00894,0.0091,0.0088,0.00923
Step1,0.00902,0.00013,0.00894,0.0091,0.0088,0.00923
Step2,0.01587,0.00017,0.01577,0.01598,0.01555,0.01609
Step3,0.02292,0.00014,0.02283,0.02301,0.02268,0.02319
