,TrainMSE,TestMSE,Step1,Step2,Step3
Exp1,0.21905,0.19136,0.15116,0.31394,0.10897
Exp2,0.18947,0.14296,0.10493,0.0916,0.23234
Exp3,0.59979,0.57094,0.45869,0.50791,0.74623
Exp4,0.43983,0.43648,0.77672,0.40984,0.12288
Exp5,0.06293,0.08106,0.06134,0.05051,0.13132
Exp6,0.30275,0.32462,0.04742,0.88761,0.03882
Exp7,0.25677,0.25541,0.21025,0.5262,0.02979
Exp8,1.40169,1.3321,1.47821,1.07316,1.44493
Exp9,0.51506,0.53671,0.11162,0.50611,0.99239
Exp10,0.65154,0.74013,1.2181,0.47205,0.53023
