,Mean,Standard Deviation,CI_LB,CI_UB,Min,Max
TrainMSE,0.46389,0.36073,0.24031,0.68747,0.06293,1.40169
TestMSE,0.46118,0.35132,0.24343,0.67892,0.08106,1.3321
Step1,0.46184,0.49458,0.1553,0.76839,0.04742,1.47821
Step2,0.48389,0.29821,0.29906,0.66873,0.05051,1.07316
Step3,0.43779,0.45767,0.15412,0.72146,0.02979,1.44493
