,TrainMSE,TestMSE,Step1,Step2,Step3
Exp1,0.00035,0.00682,0.00682,0.01524,0.0269
Exp2,0.00037,0.00678,0.00678,0.01521,0.02674
Exp3,0.00036,0.00682,0.00682,0.01532,0.02675
Exp4,0.00038,0.00678,0.00678,0.01507,0.02639
Exp5,0.00036,0.0069,0.0069,0.01527,0.0269
Exp6,0.00036,0.00681,0.00681,0.01523,0.02664
Exp7,0.00037,0.00677,0.00677,0.0152,0.02677
Exp8,0.00038,0.00682,0.00682,0.01512,0.02633
Exp9,0.00037,0.00685,0.00685,0.01515,0.02643
Exp10,0.00037,0.0067,0.0067,0.01521,0.02693
