,Mean,Standard Deviation,CI_LB,CI_UB,Min,Max
TrainMSE,0.00037,1e-05,0.00036,0.00037,0.00035,0.00038
TestMSE,0.00681,5e-05,0.00677,0.00684,0.0067,0.0069
Step1,0.00681,5e-05,0.00677,0.00684,0.0067,0.0069
Step2,0.0152,7e-05,0.01516,0.01525,0.01507,0.01532
Step3,0.02668,0.00021,0.02655,0.02681,0.02633,0.02693
