,Mean,Standard Deviation,CI_LB,CI_UB,Min,Max
TrainMSE,1.26316,0.02027,1.2506,1.27573,1.21964,1.29515
TestMSE,63.68474,0.79186,63.19394,64.17554,62.62321,65.28019
Step1,63.68474,0.79186,63.19394,64.17554,62.62321,65.28019
Step2,82.90973,0.98058,82.30196,83.5175,81.61854,84.59865
Step3,122.21991,1.47526,121.30554,123.13429,120.12986,124.47577
