,TrainMSE,TestMSE,Step1,Step2,Step3
Exp1,0.78164,0.77236,1.22642,0.67056,0.4201
Exp2,0.78025,0.70459,0.18927,1.15541,0.7691
Exp3,0.51102,0.46067,0.39195,0.95862,0.03143
Exp4,0.39021,0.42992,0.76813,0.47186,0.04976
Exp5,0.52299,0.49544,0.30832,0.91632,0.2617
Exp6,0.50205,0.45573,0.85821,0.07782,0.43117
Exp7,0.19695,0.2234,0.06327,0.44297,0.16397
Exp8,0.27147,0.32096,0.07143,0.58305,0.3084
Exp9,1.2157,1.22699,2.00514,0.23681,1.43901
Exp10,0.17988,0.19213,0.21273,0.0781,0.28557
