,Mean,Standard Deviation,CI_LB,CI_UB,Min,Max
TrainMSE,0.53522,0.30281,0.34753,0.7229,0.17988,1.2157
TestMSE,0.52822,0.29127,0.34769,0.70875,0.19213,1.22699
Step1,0.60949,0.58952,0.2441,0.97488,0.06327,2.00514
Step2,0.55915,0.35267,0.34057,0.77774,0.07782,1.15541
Step3,0.41602,0.39616,0.17048,0.66156,0.03143,1.43901
