,Mean,Standard Deviation,CI_LB,CI_UB,Min,Max
TrainRMSE,0.248,0.00474,0.24384,0.25216,0.24401,0.2568
TestRMSE,0.90796,0.0075,0.90139,0.91454,0.89831,0.92137
Step1,0.34434,0.00489,0.34006,0.34862,0.3398,0.35306
Step2,0.52096,0.00463,0.5169,0.52502,0.51385,0.52847
Step3,0.6591,0.0047,0.65498,0.66322,0.6536,0.66707
