,Mean,Standard Deviation,CI_LB,CI_UB,Min,Max
TrainMSE,14689.93875,7022.26227,10337.49551,19042.382,9932.46559,35513.80366
TestMSE,19569.66457,9459.76295,13706.44275,25432.88639,13235.66491,47616.97714
Step1,14797.15977,5801.58192,11201.30204,18393.0175,735.15844,23881.53037
Step2,17279.40182,5396.4324,13934.65837,20624.14528,12157.57986,32635.62057
Step3,26632.43211,27687.09901,9471.79036,43793.07387,16203.48972,109480.15241
