,TrainMSE,TestMSE,Step1,Step2,Step3
Exp1,1.40762,0.99371,0.56944,0.64945,1.76224
Exp2,1.61389,0.97036,0.85086,1.13449,0.92573
Exp3,6.99683,3.77515,2.10527,3.60785,5.61232
Exp4,2.28977,1.30705,1.52989,1.38199,1.00927
Exp5,4.51675,3.04985,7.24479,0.48828,1.41648
Exp6,2.04136,1.45992,3.03196,0.57842,0.76936
Exp7,2.32402,1.66028,0.96985,1.5253,2.4857
Exp8,1.42579,0.95391,1.05901,0.96903,0.8337
Exp9,2.66144,1.89538,0.94292,1.41494,3.32829
Exp10,2.00582,1.25095,1.79787,0.9513,1.00369
