,Mean,Standard Deviation,CI_LB,CI_UB,Min,Max
TrainMSE,-2.68762,1.04384,-3.3346,-2.04064,-4.00199,-0.35264
TestMSE,-3.36706,1.02892,-4.0048,-2.72933,-4.73438,-1.23707
Step1,-1.23783,0.75401,-1.70517,-0.77049,-2.66728,-0.35205
Step2,-1.09612,0.69457,-1.52662,-0.66562,-2.36572,-0.28931
Step3,-1.03311,0.52728,-1.35992,-0.7063,-1.81902,-0.23317
