,TrainMSE,TestMSE,Step1,Step2,Step3
Exp1,0.00047,0.00744,0.00744,0.0129,0.02038
Exp2,0.00046,0.00745,0.00745,0.0127,0.02007
Exp3,0.00047,0.00758,0.00758,0.01302,0.0205
Exp4,0.00046,0.00743,0.00743,0.01272,0.02025
Exp5,0.00047,0.00745,0.00745,0.01282,0.02016
Exp6,0.00047,0.00746,0.00746,0.01274,0.02004
Exp7,0.00047,0.00745,0.00745,0.01264,0.02003
Exp8,0.00047,0.00753,0.00753,0.01292,0.02034
Exp9,0.00048,0.00738,0.00738,0.0127,0.02016
Exp10,0.00047,0.00751,0.00751,0.01276,0.02024
