,Mean,Standard Deviation,CI_LB,CI_UB,Min,Max
TrainMSE,0.00047,1e-05,0.00046,0.00047,0.00046,0.00048
TestMSE,0.00747,5e-05,0.00744,0.0075,0.00738,0.00758
Step1,0.00747,5e-05,0.00744,0.0075,0.00738,0.00758
Step2,0.01279,0.00011,0.01272,0.01286,0.01264,0.01302
Step3,0.02022,0.00015,0.02012,0.02031,0.02003,0.0205
