,Mean,Standard Deviation,CI_LB,CI_UB,Min,Max
TrainMSE,2.28109,0.02752,2.26403,2.29815,2.23895,2.31689
TestMSE,81.06962,1.74019,79.99104,82.1482,77.76661,83.60931
Step1,81.06962,1.74019,79.99104,82.1482,77.76661,83.60931
Step2,112.50177,1.89244,111.32882,113.67471,108.89192,115.22731
Step3,168.03247,2.0349,166.77122,169.29371,164.07288,170.93743
