,TrainMSE,TestMSE,Step1,Step2,Step3
Exp1,0.00034,0.00741,0.00741,0.01194,0.01834
Exp2,0.00035,0.00741,0.00741,0.01197,0.01833
Exp3,0.00036,0.00742,0.00742,0.01196,0.01828
Exp4,0.00035,0.00742,0.00742,0.01194,0.01827
Exp5,0.00035,0.00738,0.00738,0.0119,0.01814
Exp6,0.00035,0.00741,0.00741,0.01188,0.01809
Exp7,0.00036,0.00742,0.00742,0.01209,0.01856
Exp8,0.00036,0.00731,0.00731,0.01181,0.01807
Exp9,0.00034,0.00722,0.00722,0.01182,0.01804
Exp10,0.00035,0.00741,0.00741,0.01189,0.01803
