,Mean,Standard Deviation,CI_LB,CI_UB,Min,Max
TrainMSE,0.00035,0.0,0.00035,0.00035,0.00034,0.00036
TestMSE,0.00738,6e-05,0.00734,0.00742,0.00722,0.00742
Step1,0.00738,6e-05,0.00734,0.00742,0.00722,0.00742
Step2,0.01192,8e-05,0.01187,0.01197,0.01181,0.01209
Step3,0.01821,0.00016,0.01811,0.01832,0.01803,0.01856
