,TrainMSE,TestMSE,Step1,Step2,Step3
Exp1,1.10435,1.27667,0.81554,0.29948,2.71501
Exp2,0.364,0.40137,0.6819,0.45762,0.0646
Exp3,2.25767,2.52048,3.08462,2.72626,1.75054
Exp4,0.8849,0.97664,0.13701,0.37429,2.41862
Exp5,3.76031,3.92334,3.22153,8.44286,0.10564
Exp6,0.72064,0.85087,1.93119,0.0502,0.57121
Exp7,0.88385,0.99839,0.26911,1.44509,1.28097
Exp8,0.05856,0.1138,0.06779,0.07158,0.20202
Exp9,1.30187,1.508,2.39145,1.39955,0.73299
Exp10,2.03257,2.40805,3.44283,1.67597,2.10537
