,Mean,Standard Deviation,CI_LB,CI_UB,Min,Max
TrainMSE,1.33687,1.03102,0.69784,1.97591,0.05856,3.76031
TestMSE,1.49776,1.08921,0.82266,2.17286,0.1138,3.92334
Step1,1.6043,1.29162,0.80374,2.40486,0.06779,3.44283
Step2,1.69429,2.39397,0.21049,3.17809,0.0502,8.44286
Step3,1.1947,0.94897,0.60652,1.78288,0.0646,2.71501
