,TrainMSE,TestMSE,Step1,Step2,Step3
Exp1,1.02781,1.20266,0.58763,2.05934,0.96101
Exp2,0.06701,0.08676,0.10924,0.07976,0.07126
Exp3,1.15512,1.34477,1.6328,1.52736,0.87416
Exp4,0.77549,0.90115,2.11953,0.10878,0.47514
Exp5,2.26099,2.53083,1.10409,0.46588,6.02253
Exp6,1.20337,1.3574,1.78508,2.21007,0.07706
Exp7,0.80682,0.97381,2.21512,0.10037,0.60593
Exp8,1.79072,2.01529,2.84671,1.04429,2.15488
Exp9,0.30929,0.35572,0.30782,0.60419,0.15517
Exp10,0.64227,0.72172,0.21066,1.86992,0.08458
