,Mean,Standard Deviation,CI_LB,CI_UB,Min,Max
TrainMSE,1.00389,0.62005,0.61958,1.3882,0.06701,2.26099
TestMSE,1.14901,0.69115,0.72063,1.57739,0.08676,2.53083
Step1,1.29187,0.91551,0.72443,1.85931,0.10924,2.84671
Step2,1.007,0.80717,0.50671,1.50728,0.07976,2.21007
Step3,1.14817,1.73362,0.07367,2.22268,0.07126,6.02253
