,TrainMSE,TestMSE,Step1,Step2,Step3
Exp1,0.34444,0.36745,0.82526,0.07491,0.20218
Exp2,0.08235,0.06968,0.04076,0.13715,0.03113
Exp3,0.08611,0.11657,0.06877,0.16025,0.12069
Exp4,0.25517,0.24231,0.11095,0.49064,0.12535
Exp5,0.50047,0.51596,0.18929,0.79354,0.56506
Exp6,0.51434,0.49852,0.05568,0.60309,0.83679
Exp7,1.12634,1.06259,1.46381,0.85224,0.87172
Exp8,0.31081,0.2439,0.02942,0.63747,0.06482
Exp9,0.49522,0.48695,0.38697,0.05403,1.01984
Exp10,0.76441,0.7547,1.78715,0.33155,0.14541
