,Mean,Standard Deviation,CI_LB,CI_UB,Min,Max
TrainMSE,0.44797,0.30017,0.26192,0.63402,0.08235,1.12634
TestMSE,0.43586,0.28678,0.25812,0.61361,0.06968,1.06259
Step1,0.49581,0.61382,0.11536,0.87625,0.02942,1.78715
Step2,0.41349,0.28637,0.236,0.59098,0.05403,0.85224
Step3,0.3983,0.36476,0.17222,0.62438,0.03113,1.01984
