,TrainMSE,TestMSE,Step1,Step2,Step3
Exp1,0.00028,0.00684,0.00684,0.01059,0.01557
Exp2,0.00028,0.00677,0.00677,0.0106,0.01562
Exp3,0.00028,0.00683,0.00683,0.01063,0.01561
Exp4,0.00028,0.00672,0.00672,0.01058,0.01551
Exp5,0.00029,0.00677,0.00677,0.01062,0.01561
Exp6,0.00029,0.0068,0.0068,0.01061,0.01554
Exp7,0.00028,0.00677,0.00677,0.01057,0.01558
Exp8,0.00028,0.00677,0.00677,0.01057,0.01548
Exp9,0.00028,0.00675,0.00675,0.01053,0.01535
Exp10,0.00028,0.00672,0.00672,0.01058,0.01566
