,Mean,Standard Deviation,CI_LB,CI_UB,Min,Max
TrainMSE,0.00028,0.0,0.00028,0.00028,0.00028,0.00029
TestMSE,0.00677,4e-05,0.00675,0.0068,0.00672,0.00684
Step1,0.00677,4e-05,0.00675,0.0068,0.00672,0.00684
Step2,0.01059,3e-05,0.01057,0.01061,0.01053,0.01063
Step3,0.01555,8e-05,0.0155,0.0156,0.01535,0.01566
