,TrainMSE,TestMSE,Step1,Step2,Step3
Exp1,0.00058,0.00614,0.00614,0.01224,0.01902
Exp2,0.00059,0.00621,0.00621,0.01218,0.01895
Exp3,0.00058,0.00609,0.00609,0.01218,0.01903
Exp4,0.00058,0.00602,0.00602,0.01204,0.01875
Exp5,0.00057,0.00602,0.00602,0.01219,0.01905
Exp6,0.00059,0.006,0.006,0.01208,0.01888
Exp7,0.00057,0.00599,0.00599,0.01211,0.01894
Exp8,0.00058,0.00621,0.00621,0.01237,0.01915
Exp9,0.00057,0.00619,0.00619,0.01224,0.01906
Exp10,0.00058,0.00623,0.00623,0.01229,0.01907
