,Mean,Standard Deviation,CI_LB,CI_UB,Min,Max
TrainMSE,0.00058,1e-05,0.00057,0.00058,0.00057,0.00059
TestMSE,0.00611,9e-05,0.00605,0.00617,0.00599,0.00623
Step1,0.00611,9e-05,0.00605,0.00617,0.00599,0.00623
Step2,0.01219,9e-05,0.01213,0.01225,0.01204,0.01237
Step3,0.01899,0.00011,0.01892,0.01906,0.01875,0.01915
